{
  "countries": [
    {
      "id": 1,
      "name": "Australia",
      "cities": [
        {
          "name": "Sydney, Australia",
          "imageUrl": "https://cdn.pixabay.com/photo/2014/05/26/09/58/sydney-opera-house-354375_640.jpg",
          "description": "A vibrant city known for its iconic landmarks like the Sydney Opera House and Sydney Harbour Bridge."
        },
        {
          "name": "Melbourne, Australia",
          "imageUrl": "https://cdn.pixabay.com/photo/2017/11/29/14/54/melbourne-2986345_640.jpg",
          "description": "A cultural hub famous for its art, food, and diverse neighborhoods."
        }
      ]
    },
    {
      "id": 2,
      "name": "Japan",
      "cities": [
        {
          "name": "Tokyo, Japan",
          "imageUrl": "https://cdn.pixabay.com/photo/2020/10/18/13/47/tokyo-tower-5664846_640.jpg",
          "description": "A bustling metropolis blending tradition and modernity, famous for its cherry blossoms and rich culture."
        },
        {
          "name": "Kyoto, Japan",
          "imageUrl": "https://cdn.pixabay.com/photo/2016/06/18/03/59/ginkaku-ji-temple-1464542_640.jpg",
          "description": "Known for its historic temples, gardens, and traditional tea houses."
        }
      ]
    },
    {
      "id": 3,
      "name": "Brazil",
      "cities": [
        {
          "name": "Rio de Janeiro, Brazil",
          "imageUrl": "https://cdn.pixabay.com/photo/2015/06/14/23/35/rio-de-janeiro-809756_640.jpg",
          "description": "A lively city known for its stunning beaches, vibrant carnival celebrations, and iconic landmarks."
        },
        {
          "name": "São Paulo, Brazil",
          "imageUrl": "https://img.freepik.com/premium-photo/aerial-view-av-paulista-sao-paulo-sp-main-avenue-capital-sunday-day-without-cars-with-people-walking-street_361869-212.jpg",
          "description": "The financial hub with diverse culture, arts, and a vibrant nightlife."
        }
      ]
    }
  ],
  "temples": [
    {
      "id": 1,
      "name": "Angkor Wat, Cambodia",
      "imageUrl": "https://cdn.pixabay.com/photo/2017/06/09/19/56/ta-prohm-2388126_640.jpg",
      "description": "A UNESCO World Heritage site and the largest religious monument in the world."
    },
    {
      "id": 2,
      "name": "Taj Mahal, India",
      "imageUrl": "https://cdn.pixabay.com/photo/2020/06/05/21/09/cultural-tourism-5264542_640.jpg",
      "description": "An iconic symbol of love and a masterpiece of Mughal architecture."
    }
  ],
  "beaches": [
    {
      "id": 1,
      "name": "Bora Bora, French Polynesia",
      "imageUrl": "https://encrypted-tbn0.gstatic.com/images?q=tbn:ANd9GcRIpCLkrcIpmh76zPxzW4wk8rcxWYCDMop3yXYygkwdlg&s",
      "description": "An island known for its stunning turquoise waters and luxurious overwater bungalows."
    },
    {
      "id": 2,
      "name": "Copacabana Beach, Brazil",
      "imageUrl": "https://images.unsplash.com/photo-1596573677494-accc8fbe89e8?q=80&w=1000&auto=format&fit=crop&ixlib=rb-4.0.3&ixid=M3wxMjA3fDB8MHxzZWFyY2h8Mnx8Y29wYWNhYmFuYSUyMGJlYWNofGVufDB8fDB8fHww",
      "description": "A famous beach in Rio de Janeiro, Brazil, with a vibrant atmosphere and scenic views."
    }
  ]
}
